id,title,context,question,answers
5727dd9c4b864d1900163f181,etica1,"Expansión y personalización: Si lo deseas, puedes expandir aún más el mapa mental agregando subramas o detalles adicionales a medida que exploras cada tema en más profundidad. Personaliza el mapa mental de acuerdo con tus propias experiencias y necesidades como estudiante universitario.",¿Qué secciones del mapa mental pueden ser modificadas para satisfacer las necesidades individuales del estudiante?,"{'answer_start': [176], 'text': ['Personaliza el mapa mental de acuerdo con tus propias experiencias y necesidades como estudiante universitario']}"
5727dd9c4b864d1900163f185,etica1,"Expansión y personalización: Si lo deseas, puedes expandir aún más el mapa mental agregando subramas o detalles adicionales a medida que exploras cada tema en más profundidad. Personaliza el mapa mental de acuerdo con tus propias experiencias y necesidades como estudiante universitario.",¿Qué secciones del mapa mental pueden ser personalizadas de acuerdo con las experiencias del estudiante universitario?,"{'answer_start': [176], 'text': ['Personaliza el mapa mental de acuerdo con tus propias experiencias y necesidades como estudiante universitario']}"
5727dd9c4b864d1900163f632,etica2,"Ramas principales: A partir del centro, traza ramas principales que representen las áreas clave relacionadas con la experiencia de los estudiantes universitarios. Algunas ideas para las ramas principales:",¿Qué áreas clave de la experiencia estudiantil universitaria se sugieren como ramas principales?,"{'answer_start': [], 'text': ['No se sugieren específicamente en las instrucciones']}"
5727dd9c4b864d1900163f283,etica2,"1. Introducción:
○ Presenta el tema de los cuestionamientos éticos y morales en el ámbito
profesional, con un enfoque específico en el campo de TI.",¿Qué sector específico del conocimiento trata el ensayo en relación con la ética y la moral?,"{'answer_start': [107], 'text': ['un enfoque específico en el campo de TI.']}"
5727dd9c4b864d1900163f21,etica1,"Ramas principales: A partir del centro, traza ramas principales que representen las áreas clave relacionadas con la experiencia de los estudiantes universitarios. Algunas ideas para las ramas principales:
Ramificaciones secundarias: A partir de cada rama principal, traza ramificaciones secundarias que representen subtemas o aspectos específicos de cada área.",¿Qué sección del mapa mental representa aspectos específicos de la experiencia académica?,"{'answer_start': [205], 'text': ['Ramificaciones secundarias']}"
5727dd9c4b864d1900163f484,etica2,"Examina cómo los cuestionamientos éticos en el ámbito profesional de TI pueden afectar a la sociedad en general y a los individuos.
Reflexiona sobre las posibles consecuencias negativas de la falta de ética y moral en el trabajo de los profesionales de TI.","¿Qué efectos adversos pueden experimentar los individuos debido a los dilemas éticos en el campo de TI, según se examina en el texto?","{'answer_start': [153], 'text': ['posibles consecuencias negativas de la falta de ética y moral en el trabajo de los profesionales de TI']}"
5727dd9c4b864d1900163f1371,qualityLab3,"Tanto si encuentra una herramienta que permita aplicar la técnica o si no la encuentra, se debe explicar mediante un ejemplo como se aplica la técnica. El objetivo de esta explicación es que los alumnos puedan entender como se desarrolla la técnica manualmente, para esto se explicara con un ejemplo la técnica y se propondrá otro para que lo desarrollen los alumnos en clase.",¿Qué se espera lograr con esta explicación?,"{'answer_start': [187], 'text': ['que los alumnos puedan entender como se desarrolla la técnica manualmente']}"
5727dd9c4b864d1900163f850,TIC,"Metodología: Debe estar redactada en pasado e impersonal. Abarca tres aspectos: área de estudio, procedimiento, procesamiento y análisis de datos.",¿Cómo se debe redactar la sección de metodología para garantizar la objetividad y la precisión?,"{'answer_start': [13], 'text': ['Debe estar redactada en pasado e impersonal. Abarca tres aspectos: área de estudio, procedimiento, procesamiento y análisis de datos']}"
5727dd9c4b864d1900163f972,hvpin1,"La tarea descrita deberá realizarla mediante el uso de librerías de visión por computador, al finalizar enviarla al EVA-UNL hasta las 23:59 pm del día Lunes 13 de Noviembre de 2023.",¿Cuándo se requiere tener listo el trabajo para enviarlo?,"{'answer_start': [151], 'text': ['Lunes 13 de Noviembre de 2023']}"
5727dd9c4b864d1900163f249,etica1,"1. Tema central: Coloca en el centro del mapa mental el tema ""Estudiantes universitarios"" y dibuja un círculo o una imagen representativa.
2. Ramas principales
3. Ramificaciones secundarias
4. Detalles y conexiones
5. Expansión y personalización",¿Cuántas partes se distinguen dentro del tema central?,"{'answer_start': [215], 'text': ['5']}"
5727dd9c4b864d1900163f681,etica 3,"Expansión y personalización: Si lo deseas, puedes expandir aún más el mapa mental agregando subramas o detalles adicionales a medida que exploras cada tema en más profundidad. Personaliza el mapa mental de acuerdo con tus propias experiencias y necesidades como estudiante universitario.",¿Qué pasos adicionales se pueden tomar para expandir y personalizar el mapa mental de manera más detallada?,"{'answer_start': [82], 'text': ['agregando subramas o detalles adicionales']}"
5727dd9c4b864d1900163f900,TIC,Bibliografía: Debe citarse en orden alfabético. Contiene las referencias bibliográficas de los documentos utilizados en la investigación.,¿Cuáles son las características de la bibliografía en el informe del trabajo de integración curricular o titulación?,"{'answer_start': [14], 'text': ['Debe citarse en orden alfabético. Contiene las referencias bibliográficas de los documentos utilizados en la investigación']}"
5727dd9c4b864d1900163f1187,hvpin1,No se aceptarán trabajos fuera del plazo de entrega o por otro medio que no sea EVA-UNL (entorno virtual de aprendizaje UNL).,¿Es posible enviar trabajos después de la fecha límite de entrega?,"{'answer_start': [0], 'text': ['No']}"
5727dd9c4b864d1900163f936,TIC,"La autoría implica que cualquier problema legal que surja del contenido del informe, incluyendo el plagio, sería responsabilidad del autor (el estudiante), no de la universidad (UNL) o sus representantes.","¿Quién es el responsable legal en caso de que surjan problemas derivados del contenido del informe, como el plagio?","{'answer_start': [82], 'text': ['del autor (el estudiante)']}"
5727dd9c4b864d1900163f1126,hvpin1,aquellas que tengan indicios de copia o plagio tendrán una calificación equivalente a 0 (cero).,¿Qué castigo se aplica a los estudiantes que cometan plagio en sus trabajos académicos?,"{'answer_start': [47], 'text': ['Tendrán una calificación equivalente a 0 (cero)']}"
5727dd9c4b864d1900163f876,TIC,Discusión: Verifica las hipótesis de investigación. Evalúa las limitaciones o plantea proyecciones para el estudio.,¿Cuáles son las diferencias entre la sección de resultados y la de discusión en un informe académico?,"{'answer_start': [11], 'text': ['Verifica las hipótesis de investigación. Evalúa las limitaciones o plantea proyecciones para el estudio']}"
5727dd9c4b864d1900163f1333,etica21,¿Cómo han abordado esos dilemas y cómo han influido en sus decisiones?,¿Cuál es otra de las preguntas planteadas en la publicación inicial?,"{'answer_start': [0], 'text': ['¿Cómo han abordado esos dilemas y cómo han influido en sus decisiones?']}"
5727dd9c4b864d1900163f147,etica1,"Expansión y personalización: Si lo deseas, puedes expandir aún más el mapa mental agregando subramas o detalles adicionales a medida que exploras cada tema en más profundidad. Personaliza el mapa mental de acuerdo con tus propias experiencias y necesidades como estudiante universitario.",¿Qué se propone hacer para investigar más a fondo los temas en el mapa mental?,"{'answer_start': [42], 'text': ['puedes expandir aún más el mapa mental']}"
5727dd9c4b864d1900163f1274,etica21,"Debate y discusión: En esta sección, los invito a debatir sobre los cuestionamientos de la moral y la ética profesional desde una perspectiva filosófica.",¿Qué se invita a debatir en la sección de debate y discusión?,"{'answer_start': [48], 'text': ['a debatir sobre los cuestionamientos de la moral y la ética profesional desde una perspectiva filosófica.']}"
5727dd9c4b864d1900163f1242,hvpin1,Realice el análisis y revisión de dos librerías aplicadas a un ejemplo de visión por computación. Utilice el ejemplo de clasificación de números o dígitos del 0 al 9.,¿Cuál es la tarea asignada para las actividades por realizar?,"{'answer_start': [0], 'text': ['Realice el análisis y revisión de dos librerías aplicadas a un ejemplo de visión por computación']}"
5727dd9c4b864d1900163f1039,hvpin1,Los atrasos en la presentación de tareas enviadas tendrán una calificación de 0 (cero).,¿Qué calificación se asigna a las tareas entregadas después del plazo?,"{'answer_start': [50], 'text': ['Tendrán una calificación de 0 (cero)']}"
5727dd9c4b864d1900163f81,etica1,"Ramificaciones secundarias: A partir de cada rama principal, traza ramificaciones secundarias que representen subtemas o aspectos específicos de cada área.",¿Cuál es la importancia de los subtemas en las ramificaciones secundarias del mapa mental?,"{'answer_start': [110], 'text': ['subtemas o aspectos específicos']}"
5727dd9c4b864d1900163f914,TIC,"Anexos: Deben ser numerados y poseer identificación respectiva. Debe estar referenciado en el cuerpo de la tesis con un número (si no, no tiene validez).",¿Qué elementos deben contener los anexos para ser considerados válidos dentro del informe?,"{'answer_start': [8], 'text': ['Deben ser numerados y poseer identificación respectiva. Debe estar referenciado en el cuerpo de la tesis con un número (si no, no tiene validez)']}"
5727dd9c4b864d1900163f1227,hvpin1,Se debe seguir el siguiente formato en el nombre del archivo digital de su tarea que facilite su ubicación: número del trabajo autónomo y nombre del estudiante respectivo.,¿Qué información debe contener el nombre del archivo del trabajo según las pautas?,"{'answer_start': [108], 'text': ['Número del trabajo autónomo y nombre del estudiante respectivo']}"
5727dd9c4b864d1900163f1079,hvpin1,Fecha: 09 de Noviembre de 2023,¿Cuándo debe entregarse la tarea según las instrucciones?,"{'answer_start': [7], 'text': ['09 de Noviembre de 2023']}"
5727dd9c4b864d1900163f144,etica1,"Expansión y personalización: Si lo deseas, puedes expandir aún más el mapa mental agregando subramas o detalles adicionales a medida que exploras cada tema en más profundidad. Personaliza el mapa mental de acuerdo con tus propias experiencias y necesidades como estudiante universitario.",¿Qué se sugiere para explorar más a fondo los temas en el mapa mental?,"{'answer_start': [42], 'text': ['puedes expandir aún más el mapa mental']}"
5727dd9c4b864d1900163f611,etica2,"A.A. Mapa Mental: Control de Lectura Cap. 02 Ethics and Technology
Tema central: Coloca en el centro del mapa mental el tema ""Estudiantes universitarios"" y dibuja un círculo o una imagen representativa.",¿Qué tipo de símbolo se debe utilizar para identificar el tema central en el mapa mental?,"{'answer_start': [162], 'text': ['un círculo o una imagen representativa.']}"
5727dd9c4b864d1900163f777,TIC,"Establecer un estándar para la presentación de trabajos de integración curricular y de titulación, proporcionando directrices claras para orientar a los estudiantes universitarios en la entrega de sus trabajos.",¿Cuál es la meta principal que se espera lograr con la implementación de la guía propuesta?,"{'answer_start': [1], 'text': ['Establecer un estándar para la presentación de trabajos de integración curricular y de titulación']}"
5727dd9c4b864d1900163f135,etica1,"Ramificaciones secundarias: A partir de cada rama principal, traza ramificaciones secundarias que representen subtemas o aspectos específicos de cada área.",¿Cuál es la naturaleza de los detalles que se pueden añadir en las ramificaciones secundarias del mapa mental?,"{'answer_start': [110], 'text': ['subtemas o aspectos específicos']}"
5727dd9c4b864d1900163f139,etica1,"Ramificaciones secundarias: A partir de cada rama principal, traza ramificaciones secundarias que representen subtemas o aspectos específicos de cada área.",¿Cuál es el propósito de añadir detalles en las ramificaciones secundarias del mapa mental?,"{'answer_start': [110], 'text': ['subtemas o aspectos específicos']}"
5727dd9c4b864d1900163f832,TIC,Introducción: No debe incluir resultados ni conclusiones. No debe exceder dos páginas y media.,¿Cuáles son las directrices para redactar una introducción concisa pero informativa?,"{'answer_start': [14], 'text': ['No debe incluir resultados ni conclusiones. No debe exceder dos páginas y media']}"
5727dd9c4b864d1900163f1197,hvpin1,Trabajo Aprendizaje Autónomo # 1: Tema: Revisión de librerías de visión por computador para ejemplo de clasificación de Dígitos. Fecha: 09 de Noviembre de 2023,¿Cuál es el tema del Trabajo de Aprendizaje Autónomo #1?,"{'answer_start': [40], 'text': ['Revisión de librerías de visión por computador para ejemplo de clasificación de Dígitos']}"
5727dd9c4b864d1900163f49,etica1,"Expansión y personalización: Si lo deseas, puedes expandir aún más el mapa mental agregando subramas o detalles adicionales a medida que exploras cada tema en más profundidad. Personaliza el mapa mental de acuerdo con tus propias experiencias y necesidades como estudiante universitario.","¿Cuál es la mejor manera de profundizar en cada tema del mapa mental, según las instrucciones?","{'answer_start': [82], 'text': ['agregando subramas o detalles adicionales a medida que exploras cada tema en más profundidad']}"
5727dd9c4b864d1900163f1170,hvpin1,Se debe seguir el siguiente formato en el nombre del archivo digital de su tarea que facilite su ubicación: número del trabajo autónomo y nombre del estudiante respectivo.,¿Cuál es la manera adecuada de etiquetar el archivo de la tarea para su identificación?,"{'answer_start': [108], 'text': ['Número del trabajo autónomo y nombre del estudiante respectivo']}"
5727dd9c4b864d1900163f582,etica2,"Impacto de los cuestionamientos éticos en la sociedad y los individuos:
Examina cómo los cuestionamientos éticos en el ámbito profesional de TI pueden afectar a la sociedad en general y a los individuos.","¿Qué secciones deben ser examinadas al analizar el impacto de los dilemas éticos en la sociedad y los individuos, específicamente en el contexto profesional de TI?","{'answer_start': [72], 'text': ['Examina cómo los cuestionamientos éticos en el ámbito profesional de TI pueden afectar a la sociedad en general y a los individuos.']}"
5727dd9c4b864d1900163f695,etica 3,"Recuerda que el mapa mental es una herramienta visual para organizar ideas y conceptos. No hay una estructura fija, por lo que puedes adaptarla a tu propio estilo y preferencias.",¿Cuál es el propósito esencial de utilizar un mapa mental como medio para organizar y sintetizar información compleja?,"{'answer_start': [54], 'text': ['para organizar ideas y conceptos']}"
5727dd9c4b864d1900163f193,etica1,"Detalles y conexiones: En cada rama y ramificación, agrega detalles adicionales, palabras clave o ideas relacionadas. Puedes utilizar colores, íconos o líneas para resaltar conexiones y relaciones entre diferentes elementos del mapa mental.",¿Qué se sugiere para mejorar la comprensión de los temas en el mapa mental?,"{'answer_start': [52], 'text': ['agrega detalles adicionales']}"
5727dd9c4b864d1900163f436,etica2,"A.A.Ensayo Cuestionamientos de la Ética y Moral profesional.
1. Introducción:
2. Definición de ética y moral profesional:
3. Cuestionamientos éticos en el ámbito profesional de TI:
4. Impacto de los cuestionamientos éticos en la sociedad y los individuos:
5. Herramientas y enfoques para abordar los cuestionamientos éticos:
6. Reflexiones y conclusiones:",¿Qué secciones deben estar presentes en el ensayo según las pautas establecidas en el pasaje?,"{'answer_start': [64], 'text': ['Introducción, definición de ética y moral profesional, cuestionamientos éticos en TI, impacto de los cuestionamientos, herramientas y enfoques, reflexiones y conclusiones']}"
5727dd9c4b864d1900163f1256,etica21,Foro académico U1: Cuestionamientos de la moral y la ética profesional: Un análisis filosófico,¿Cuál es el título del foro académico U1 y cuál es su contenido central?,"{'answer_start': [19], 'text': ['Cuestionamientos de la moral y la ética profesional: Un análisis filosófico']}"
5727dd9c4b864d1900163f820,TIC,Resumen: Debe tener palabras clave. Entre 250 a 300 palabras.,¿Qué elementos son fundamentales en la elaboración del resumen?,"{'answer_start': [9], 'text': ['Debe tener palabras clave. Entre 250 a 300 palabras']}"
5727dd9c4b864d1900163f1199,hvpin1,Trabajo Aprendizaje Autónomo # 1: Tema: Revisión de librerías de visión por computador para ejemplo de clasificación de Dígitos. Fecha: 09 de Noviembre de 2023,¿Cuál es el enfoque principal del Trabajo de Aprendizaje Autónomo #1?,"{'answer_start': [40], 'text': ['Revisión de librerías de visión por computador para ejemplo de clasificación de Dígitos']}"
5727dd9c4b864d1900163f52,etica1,"Recuerda que el mapa mental es una herramienta visual para organizar ideas y conceptos. No hay una estructura fija, por lo que puedes adaptarla a tu propio estilo y preferencias.",¿Cuáles son las opciones para ajustar el mapa mental según las preferencias del estudiante?,"{'answer_start': [127], 'text': ['puedes adaptarla a tu propio estilo y preferencias']}"
5727dd9c4b864d1900163f231,etica1,"Recuerda que el mapa mental es una herramienta visual para organizar ideas y conceptos. No hay una estructura fija, por lo que puedes adaptarla a tu propio estilo y preferencias.",¿Cuál es el objetivo principal del mapa mental?,"{'answer_start': [28], 'text': ['es una herramienta visual']}"
5727dd9c4b864d1900163f117,etica1,"Expansión y personalización: Si lo deseas, puedes expandir aún más el mapa mental agregando subramas o detalles adicionales a medida que exploras cada tema en más profundidad. Personaliza el mapa mental de acuerdo con tus propias experiencias y necesidades como estudiante universitario.",¿Qué se sugiere considerar al modificar el mapa mental de acuerdo con las experiencias y necesidades como estudiante universitario?,"{'answer_start': [222], 'text': ['propias experiencias y necesidades como estudiante universitario']}"
5727dd9c4b864d1900163f903,TIC,Bibliografía: Debe citarse en orden alfabético. Contiene las referencias bibliográficas de los documentos utilizados en la investigación.,¿Qué información se espera encontrar en la sección de referencias bibliográficas de un informe de investigación?,"{'answer_start': [14], 'text': ['Debe citarse en orden alfabético. Contiene las referencias bibliográficas de los documentos utilizados en la investigación']}"
5727dd9c4b864d1900163f1345,qualityLab3,"La aplicación debe permitir la ejecución de diversas técnicas de pruebas, entre las principales: Particiones de equivalencia Análisis de valores límite. Pruebas de tablas de decisión. Pruebas de transición de estado. Prueba y cobertura de sentencia. Prueba y cobertura de decisión.",¿Qué métodos de prueba deben estar habilitados en la aplicación?,"{'answer_start': [97], 'text': ['Particiones de equivalencia Análisis de valores límite. Pruebas de tablas de decisión. Pruebas de transición de estado. Prueba y cobertura de sentencia. Prueba y cobertura de decisión']}"
5727dd9c4b864d1900163f1050,hvpin1,"La tarea será presentada de forma individual, aquellas que tengan indicios de copia o plagio tendrán una calificación equivalente a 0 (cero).",¿Qué calificación se asigna a las tareas con contenido plagiado?,"{'answer_start': [93], 'text': ['Tendrán una calificación equivalente a 0 (cero)']}"
5727dd9c4b864d1900163f700,etica 3,"Recuerda que el mapa mental es una herramienta visual para organizar ideas y conceptos. No hay una estructura fija, por lo que puedes adaptarla a tu propio estilo y preferencias.",¿Qué tipo de estructura se sugiere para un mapa mental según las pautas?,"{'answer_start': [88], 'text': ['No hay una estructura fija']}"
5727dd9c4b864d1900163f68,etica1,"Tema central: Coloca en el centro del mapa mental el tema ""Estudiantes universitarios"" y dibuja un círculo o una imagen representativa.",¿Qué se representa mediante el círculo central en el mapa mental?,"{'answer_start': [1], 'text': ['tema central']}"
5727dd9c4b864d1900163f502,etica2,"Herramientas y enfoques para abordar los cuestionamientos éticos:

Presenta diferentes herramientas y enfoques que los profesionales de TI pueden utilizar para abordar los cuestionamientos éticos.
Ejemplos de herramientas pueden incluir códigos de ética profesional, comités de ética, evaluaciones de impacto ético, entre otros.",¿Dónde se mencionan los comités de ética como parte de las estrategias de abordaje ético?,"{'answer_start': [1], 'text': ['Herramientas y enfoques para abordar los cuestionamientos éticos']}"
5727dd9c4b864d1900163f366,etica2,"Identifica y analiza los principales cuestionamientos éticos que pueden surgir en el ejercicio de la profesión de TI.
Ejemplos de cuestionamientos pueden incluir la privacidad de los datos, la seguridad de la información, la responsabilidad en el desarrollo de tecnologías, la equidad en el acceso a la tecnología, entre otros.",¿Cuáles son algunas instancias específicas de dilemas éticos en el campo de la tecnología mencionadas en el texto?,"{'answer_start': [161], 'text': ['la privacidad de los datos, la seguridad de la información, la responsabilidad en el desarrollo de tecnologías, la equidad en el acceso a la tecnología, entre otros.']}"
5727dd9c4b864d1900163f1098,hvpin1,al finalizar enviarla al EVA-UNL hasta las 23:59 pm del día Lunes 13 de Noviembre de 2023.,¿A qué hora se debe entregar la tarea?,"{'answer_start': [33], 'text': ['Hasta las 23:59 pm del día Lunes 13 de Noviembre de 2023']}"
5727dd9c4b864d1900163f692,etica 3,"Recuerda que el mapa mental es una herramienta visual para organizar ideas y conceptos. No hay una estructura fija, por lo que puedes adaptarla a tu propio estilo y preferencias.",¿Cuál es la utilidad principal de un mapa mental en la tarea de organizar y estructurar pensamientos y conceptos?,"{'answer_start': [54], 'text': ['para organizar ideas y conceptos']}"
5727dd9c4b864d1900163f604,etica2,"A.A. Mapa Mental: Control de Lectura Cap. 02 Ethics and Technology
Tema central: Coloca en el centro del mapa mental el tema ""Estudiantes universitarios"" y dibuja un círculo o una imagen representativa.",¿Qué elemento debe ser el centro de atención en el mapa mental?,"{'answer_start': [126], 'text': ['Estudiantes universitarios']}"
5727dd9c4b864d1900163f293,etica2,"A.A.Ensayo Cuestionamientos de la Ética y Moral profesional.
Introducción:
Presenta el tema de los cuestionamientos éticos y morales en el ámbito profesional, con un enfoque específico en el campo de TI.",¿Cuál es el enfoque temático principal según la introducción del ensayo?,"{'answer_start': [11], 'text': ['Cuestionamientos éticos y morales en el ámbito profesional']}"
5727dd9c4b864d1900163f1167,hvpin1,Se debe seguir el siguiente formato en el nombre del archivo digital de su tarea que facilite su ubicación: número del trabajo autónomo y nombre del estudiante respectivo.,¿Cuál es la estructura recomendada para el nombre del archivo de la tarea?,"{'answer_start': [108], 'text': ['Número del trabajo autónomo y nombre del estudiante respectivo']}"
5727dd9c4b864d1900163f215,etica1,"Detalles y conexiones: En cada rama y ramificación, agrega detalles adicionales, palabras clave o ideas relacionadas. Puedes utilizar colores, íconos o líneas para resaltar conexiones y relaciones entre diferentes elementos del mapa mental.",¿Qué se puede añadir en cada rama y ramificación del mapa mental para enriquecerlo?,"{'answer_start': [52], 'text': ['agrega detalles adicionales, palabras clave o ideas relacionadas']}"
5727dd9c4b864d1900163f855,TIC,"Metodología: Debe estar redactada en pasado e impersonal. Abarca tres aspectos: área de estudio, procedimiento, procesamiento y análisis de datos.",¿Qué criterios se utilizan para evaluar la calidad de la metodología en un trabajo de investigación?,"{'answer_start': [13], 'text': ['Debe estar redactada en pasado e impersonal. Abarca tres aspectos: área de estudio, procedimiento, procesamiento y análisis de datos']}"
5727dd9c4b864d1900163f1309,etica21,"Conclusiones y recomendaciones: Llegando al final de nuestra discusión, los invito a realizar una conclusión personal sobre los cuestionamientos de la moral y la ética profesional.",¿Qué se propone hacer al llegar a la sección de conclusiones y recomendaciones?,"{'answer_start': [94], 'text': ['Una conclusión personal sobre los cuestionamientos de la moral y la ética profesional']}"
5727dd9c4b864d1900163f46,etica1,"Expansión y personalización: Si lo deseas, puedes expandir aún más el mapa mental agregando subramas o detalles adicionales a medida que exploras cada tema en más profundidad. Personaliza el mapa mental de acuerdo con tus propias experiencias y necesidades como estudiante universitario.",¿Qué se aconseja hacer si se desea investigar más sobre cada tema en el mapa mental?,"{'answer_start': [82], 'text': ['agregando subramas o detalles adicionales a medida que exploras cada tema en más profundidad']}"
5727dd9c4b864d1900163f1375,qualityLab3,"Informe de resultados que debe indicar cómo se realizó la evaluación y las observaciones detectadas. Deberá incluir mínimo la planificación, el diseño y la ejecución de las pruebas.",¿Qué debe indicar el informe de resultados?,"{'answer_start': [39], 'text': ['cómo se realizó la evaluación y las observaciones detectadas']}"
5727dd9c4b864d1900163f305,etica2,"Presenta el tema de los cuestionamientos éticos y morales en el ámbito profesional, con un enfoque específico en el campo de TI.
Explica la importancia de la ética y la moral en el ejercicio de la profesión de TI y cómo pueden surgir dilemas éticos en este contexto",¿Cuál es el ámbito profesional específico que aborda el ensayo?,"{'answer_start': [125], 'text': ['TI(Tecnologías de la información)']}"
5727dd9c4b864d1900163f803,TIC,"Título: Debe ser el mismo que fue aprobado en el proyecto. Va en una sola página, con numeración con número en arábigos(no se muestra).",¿Cuáles son las directrices para la elaboración del título en el informe de trabajo de integración curricular o titulación?,"{'answer_start': [7], 'text': ['Debe ser el mismo que fue aprobado en el proyecto. Va en una sola página, con numeración con número en arábigos(no se muestra)']}"
5727dd9c4b864d1900163f557,etica2,Reflexiona sobre las posibles consecuencias negativas de la falta de ética y moral en el trabajo de los profesionales de TI.,¿Sobre qué temática se reflexiona en relación con los trabajadores de TI?,"{'answer_start': [11], 'text': ['sobre las posibles consecuencias negativas de la falta de ética y moral en el trabajo de los profesionales de TI.']}"
5727dd9c4b864d1900163f130,etica1,"Detalles y conexiones: En cada rama y ramificación, agrega detalles adicionales, palabras clave o ideas relacionadas. Puedes utilizar colores, íconos o líneas para resaltar conexiones y relaciones entre diferentes elementos del mapa mental.",¿Qué se recomienda para destacar conexiones entre elementos del mapa mental?,"{'answer_start': [118], 'text': ['Puedes utilizar colores, íconos o líneas para resaltar conexiones y relaciones entre diferentes elementos del mapa mental']}"
5727dd9c4b864d1900163f83,etica1,"Ramificaciones secundarias: A partir de cada rama principal, traza ramificaciones secundarias que representen subtemas o aspectos específicos de cada área.",¿Cuál es el propósito de incluir aspectos específicos en las ramificaciones secundarias del mapa mental?,"{'answer_start': [110], 'text': ['subtemas o aspectos específicos']}"
5727dd9c4b864d1900163f511,etica2,"Floridi, L. (2010). Information: A very short introduction. Oxford University Press.
Johnson, D. G. (2018). Computer ethics. In The Stanford Encyclopedia of Philosophy (Fall 2018 Edition). Retrieved from https://plato.stanford.edu/entries/ethics-computer/",¿De qué trata específicamente la referencia a Johnson 2018?,"{'answer_start': [246], 'text': ['Computer ethics']}"
5727dd9c4b864d1900163f1363,qualityLab3,"Tanto si encuentra una herramienta que permita aplicar la técnica o si no la encuentra, se debe explicar mediante un ejemplo como se aplica la técnica. El objetivo de esta explicación es que los alumnos puedan entender como se desarrolla la técnica manualmente, para esto se explicara con un ejemplo la técnica y se propondrá otro para que lo desarrollen los alumnos en clase.",¿Qué se debe hacer tanto si encuentra una herramienta que permita aplicar la técnica o si no la encuentra?,"{'answer_start': [88], 'text': ['se debe explicar mediante un ejemplo como se aplica la técnica']}"
5727dd9c4b864d1900163f388,etica2,"Examina cómo los cuestionamientos éticos en el ámbito profesional de TI pueden afectar a la sociedad en general y a los individuos.
Reflexiona sobre las posibles consecuencias negativas de la falta de ética y moral en el trabajo de los profesionales de TI.","¿Qué se destaca como punto de reflexión en cuanto a las posibles consecuencias perjudiciales de la falta de ética y moral en el trabajo de los profesionales de TI, según se menciona en el párrafo?","{'answer_start': [143], 'text': ['sobre las posibles consecuencias negativas']}"
5727dd9c4b864d1900163f458,etica2,"Examina cómo los cuestionamientos éticos en el ámbito profesional de TI pueden afectar a la sociedad en general y a los individuos.
Reflexiona sobre las posibles consecuencias negativas de la falta de ética y moral en el trabajo de los profesionales de TI.","¿Cómo pueden los dilemas éticos en TI influir en el entorno social y en las personas, como se menciona en el pasaje?","{'answer_start': [72], 'text': ['pueden afectar a la sociedad en general y a los individuos']}"
5727dd9c4b864d1900163f886,TIC,"Conclusiones: Expresan un hallazgo importante de los resultados de la investigación. Deben ser: relevantes, concisas y válidas.",¿Qué diferencias existen entre las secciones de resultados y conclusiones en un informe académico?,"{'answer_start': [14], 'text': ['Expresan un hallazgo importante de los resultados de la investigación. Deben ser: relevantes, concisas y válidas']}"
5727dd9c4b864d1900163f141,etica1,"Ramificaciones secundarias: A partir de cada rama principal, traza ramificaciones secundarias que representen subtemas o aspectos específicos de cada área.",¿Qué tipo de aspectos específicos se pueden abordar en las ramificaciones secundarias del mapa mental?,"{'answer_start': [110], 'text': ['subtemas o aspectos específicos']}"
5727dd9c4b864d1900163f353,etica2,"Cuestionamientos éticos en el ámbito profesional de TI:
Identifica y analiza los principales cuestionamientos éticos que pueden surgir en el ejercicio de la profesión de TI.",¿Cuál es el propósito de analizar y comprender los principales dilemas éticos en la práctica de la profesión de TI?,"{'answer_start': [77], 'text': ['los principales cuestionamientos éticos que pueden surgir en el ejercicio de la profesión de TI']}"
5727dd9c4b864d1900163f1314,etica21,"Conclusiones y recomendaciones: Llegando al final de nuestra discusión, los invito a realizar una conclusión personal sobre los cuestionamientos de la moral y la ética profesional.",¿Qué se anima a reflexionar y proponer en la sección de conclusiones y recomendaciones sobre los temas éticos y morales discutidos?,"{'answer_start': [94], 'text': ['Una conclusión personal sobre los cuestionamientos de la moral y la ética profesional']}"
5727dd9c4b864d1900163f1223,hvpin1,Se debe seguir el siguiente formato en el nombre del archivo digital de su tarea que facilite su ubicación: número del trabajo autónomo y nombre del estudiante respectivo.,¿Qué elementos deben incluirse en el nombre del archivo del trabajo según las instrucciones?,"{'answer_start': [108], 'text': ['Número del trabajo autónomo y nombre del estudiante respectivo']}"
5727dd9c4b864d1900163f87,etica1,"Recuerda que el mapa mental es una herramienta visual para organizar ideas y conceptos. No hay una estructura fija, por lo que puedes adaptarla a tu propio estilo y preferencias.","¿Qué se entiende por ""mapa mental"" en este contexto?","{'answer_start': [31], 'text': ['una  herramienta visual para organizar ideas y conceptos']}"
5727dd9c4b864d1900163f128,etica1,"Recuerda que el mapa mental es una herramienta visual para organizar ideas y conceptos. No hay una estructura fija, por lo que puedes adaptarla a tu propio estilo y preferencias.",¿Cuál es la recomendación sobre la estructura del mapa mental según las preferencias individuales?,"{'answer_start': [88], 'text': ['No hay una estructura fija, por lo que puedes adaptarla a tu propio estilo y preferencias']}"
5727dd9c4b864d1900163f735,ia,"Ya en la década de 1940, los matemáticos Norbert Wiener y John von Neumann, estaban trabajando en la teoría de los sistemas y la computación que sentaron las bases para la I.A. que posteriormente McCarthy definiría como ""la ciencia y la ingeniería de hacer máquinas inteligentes, especialmente programas de computadora inteligentes"".",¿Quienes estaban trabajando en la teoría de los sistemas?,"{'answer_start': [25], 'text': ['los matemáticos Norbert Wiener y John von Neumann']}"
5727dd9c4b864d1900163f902,TIC,Bibliografía: Debe citarse en orden alfabético. Contiene las referencias bibliográficas de los documentos utilizados en la investigación.,¿Cuál es el propósito principal de incluir una lista de bibliografía en un trabajo académico?,"{'answer_start': [14], 'text': ['Debe citarse en orden alfabético. Contiene las referencias bibliográficas de los documentos utilizados en la investigación']}"
5727dd9c4b864d1900163f706,etica 3,"Recuerda que el mapa mental es una herramienta visual para organizar ideas y conceptos. No hay una estructura fija, por lo que puedes adaptarla a tu propio estilo y preferencias.",¿Qué tipo de organización se recomienda para un mapa mental basado en las instrucciones proporcionadas?,"{'answer_start': [88], 'text': ['No hay una estructura fija']}"
5727dd9c4b864d1900163f613,etica2,"A.A. Mapa Mental: Control de Lectura Cap. 02 Ethics and Technology
Tema central: Coloca en el centro del mapa mental el tema ""Estudiantes universitarios"" y dibuja un círculo o una imagen representativa.",¿Cómo debe ser visualmente destacado el tema central en el mapa mental?,"{'answer_start': [162], 'text': ['un círculo o una imagen representativa.']}"
5727dd9c4b864d1900163f126,etica1,"Recuerda que el mapa mental es una herramienta visual para organizar ideas y conceptos. No hay una estructura fija, por lo que puedes adaptarla a tu propio estilo y preferencias.",¿Qué se dice sobre la estructura fija del mapa mental en las indicaciones?,"{'answer_start': [88], 'text': ['No hay una estructura fija, por lo que puedes adaptarla a tu propio estilo y preferencias']}"
5727dd9c4b864d1900163f1016,hvpin1,La tarea es individual y deberá explicarla en un documento tipo informe y anexar las pantallas necesarias del resultado final.,¿Cuál es el método preferido para presentar los resultados de la tarea?,"{'answer_start': [43], 'text': ['En un documento tipo informe y anexar las pantallas necesarias del resultado final']}"
5727dd9c4b864d1900163f379,etica2,"Examina cómo los cuestionamientos éticos en el ámbito profesional de TI pueden afectar a la sociedad en general y a los individuos.
Reflexiona sobre las posibles consecuencias negativas de la falta de ética y moral en el trabajo de los profesionales de TI.",¿Sobre qué se debe reflexionar en cuanto a las consecuencias de la falta de ética y moral en el trabajo de los profesionales de TI?,"{'answer_start': [143], 'text': ['sobre las posibles consecuencias negativas']}"
5727dd9c4b864d1900163f31,etica1,"Ramificaciones secundarias: A partir de cada rama principal, traza ramificaciones secundarias que representen subtemas o aspectos específicos de cada área.
Detalles y conexiones: En cada rama y ramificación, agrega detalles adicionales, palabras clave o ideas relacionadas. Puedes utilizar colores, íconos o líneas para resaltar conexiones y relaciones entre diferentes elementos del mapa mental.",¿Qué se recomienda utilizar para destacar las conexiones y relaciones en el mapa mental?,"{'answer_start': [290], 'text': ['Colores, íconos o líneas']}"
5727dd9c4b864d1900163f773,TIC,"Establecer un estándar para la presentación de trabajos de integración curricular y de titulación, proporcionando directrices claras para orientar a los estudiantes universitarios en la entrega de sus trabajos.",¿Cuál es el propósito central que persigue la guía propuesta?,"{'answer_start': [1], 'text': ['Establecer un estándar para la presentación de trabajos de integración curricular y de titulación']}"
5727dd9c4b864d1900163f151,etica1,"Expansión y personalización: Si lo deseas, puedes expandir aún más el mapa mental agregando subramas o detalles adicionales a medida que exploras cada tema en más profundidad. Personaliza el mapa mental de acuerdo con tus propias experiencias y necesidades como estudiante universitario.",¿Cómo se puede extender la investigación de los temas en el mapa mental según las instrucciones?,"{'answer_start': [42], 'text': ['puedes expandir aún más el mapa mental']}"
5727dd9c4b864d1900163f640,etica2,"Ramificaciones secundarias: A partir de cada rama principal, traza ramificaciones secundarias que representen subtemas o aspectos específicos de cada área.",¿Desde dónde se deben desplegar las ramificaciones secundarias en el mapa mental?,"{'answer_start': [28], 'text': ['A partir de cada rama principal']}"
5727dd9c4b864d1900163f1001,hvpin1,Realice el análisis y revisión de dos librerías aplicadas a un ejemplo de visión por computación. Utilice el ejemplo de clasificación de números o dígitos del 0 al 9.,¿Qué tareas están programadas para completarse próximamente?,"{'answer_start': [11], 'text': ['Análisis y revisión de dos librerías aplicadas a un ejemplo de visión por computación']}"
5727dd9c4b864d1900163f720,etica 3,"Recuerda que el mapa mental es una herramienta visual para organizar ideas y conceptos. No hay una estructura fija, por lo que puedes adaptarla a tu propio estilo y preferencias.",¿Qué grado de adaptabilidad se les permite a los estudiantes al construir su mapa mental?,"{'answer_start': [127], 'text': ['puedes adaptarla a tu propio estilo y preferencias']}"
5727dd9c4b864d1900163f407,etica2,"En cuanto a las citas para guiar el desarrollo del ensayo, aquí tienes algunas sugerencias de referencias académicas y recursos relacionados con la ética y moral profesional, así como la ética del profesional de TI:
Floridi, L. (2010). Information: A very short introduction. Oxford University Press.","¿Qué autor y título de libro del año 2010 se proporcionan como sugerencia para informar el desarrollo del ensayo, como se indica en el pasaje?","{'answer_start': [251], 'text': ['Floridi, L. (2010). Information: A very short introduction. Oxford University Press']}"
5727dd9c4b864d1900163f506,etica2,"Herramientas y enfoques para abordar los cuestionamientos éticos:

Presenta diferentes herramientas y enfoques que los profesionales de TI pueden utilizar para abordar los cuestionamientos éticos.
Ejemplos de herramientas pueden incluir códigos de ética profesional, comités de ética, evaluaciones de impacto ético, entre otros.",¿Cuál es la sección que menciona específicamente los comités de ética como una opción para lidiar con cuestiones éticas?,"{'answer_start': [1], 'text': ['Herramientas y enfoques para abordar los cuestionamientos éticos']}"
5727dd9c4b864d1900163f1178,hvpin1,"No olvidar que, el tamaño del archivo en el EVA es máximo 2MB sugerido en bytes para evitar inconvenientes al momento de su entrega en EVA-UNL.",¿Cuál es el tamaño máximo permitido para los archivos de entrega?,"{'answer_start': [58], 'text': ['2MB']}"
5727dd9c4b864d1900163f131,etica1,"Tema central: Coloca en el centro del mapa mental el tema ""nombre del capitulo"" y dibuja un círculo o una imagen representativa.",¿Qué representa el tema central en el mapa mental?,"{'answer_start': [59], 'text': ['Nombre del capitulo']}"
5727dd9c4b864d1900163f22,etica1,"Ramas principales: A partir del centro, traza ramas principales que representen las áreas clave relacionadas con la experiencia de los estudiantes universitarios. Algunas ideas para las ramas principales:
Ramificaciones secundarias: A partir de cada rama principal, traza ramificaciones secundarias que representen subtemas o aspectos específicos de cada área.",¿Cuáles son las ramas del mapa mental que representan subtemas o detalles específicos de cada área clave de la experiencia universitaria?,"{'answer_start': [205], 'text': ['Ramificaciones secundarias']}"
5727dd9c4b864d1900163f648,etica2,"Ramificaciones secundarias: A partir de cada rama principal, traza ramificaciones secundarias que representen subtemas o aspectos específicos de cada área.",¿Cuál es el enfoque de las ramificaciones secundarias en el mapa mental?,"{'answer_start': [110], 'text': ['Subtemas o aspectos específicos de cada área']}"
5727dd9c4b864d1900163f551,etica2,"Destaca la importancia de los valores, principios y normas éticas en el trabajo de los profesionales de TI",¿Qué se menciona como esencial para los profesionales de TI en términos de valores y ética laboral?,"{'answer_start': [30], 'text': ['valores, principios y normas éticas en el trabajo de los profesionales de TI']}"
5727dd9c4b864d1900163f768,TIC,"Establecer un estándar para la presentación de trabajos de integración curricular y de titulación, proporcionando directrices claras para orientar a los estudiantes universitarios en la entrega de sus trabajos.",¿Cuál es uno de los objetivos de la guía?,"{'answer_start': [1], 'text': ['Establecer un estándar para la presentación de trabajos de integración curricular y de titulación']}"
5727dd9c4b864d1900163f1284,etica21,"Debate y discusión: En esta sección, los invito a debatir sobre los cuestionamientos de la moral y la ética profesional desde una perspectiva filosófica.",¿Qué se espera que los participantes aborden al participar en la sección de debate y discusión?,"{'answer_start': [48], 'text': ['a debatir sobre los cuestionamientos de la moral y la ética profesional desde una perspectiva filosófica.']}"
5727dd9c4b864d1900163f912,TIC,"Anexos: Deben ser numerados y poseer identificación respectiva. Debe estar referenciado en el cuerpo de la tesis con un número (si no, no tiene validez).",¿Qué requisitos definen los anexos en un informe de trabajo de integración curricular o titulación?,"{'answer_start': [8], 'text': ['Deben ser numerados y poseer identificación respectiva. Debe estar referenciado en el cuerpo de la tesis con un número (si no, no tiene validez)']}"
5727dd9c4b864d1900163f637,etica2,"Ramificaciones secundarias: A partir de cada rama principal, traza ramificaciones secundarias que representen subtemas o aspectos específicos de cada área.",¿Cuál es el punto de partida para extender las ramificaciones secundarias en el mapa mental?,"{'answer_start': [28], 'text': ['A partir de cada rama principal']}"
5727dd9c4b864d1900163f608,etica2,"A.A. Mapa Mental: Control de Lectura Cap. 02 Ethics and Technology
Tema central: Coloca en el centro del mapa mental el tema ""Estudiantes universitarios"" y dibuja un círculo o una imagen representativa.",¿Qué aspecto debe ser el punto de partida en la creación del mapa mental?,"{'answer_start': [126], 'text': ['Estudiantes universitarios']}"
5727dd9c4b864d1900163f875,TIC,Discusión: Verifica las hipótesis de investigación. Evalúa las limitaciones o plantea proyecciones para el estudio.,¿Cómo se asegura la coherencia y relevancia de la discusión con respecto a los resultados obtenidos?,"{'answer_start': [11], 'text': ['Verifica las hipótesis de investigación. Evalúa las limitaciones o plantea proyecciones para el estudio']}"
5727dd9c4b864d1900163f13,etica1,"Ramas principales: A partir del centro, traza ramas principales que representen las áreas clave relacionadas con la experiencia de los estudiantes universitarios. Algunas ideas para las ramas principales:
Ramificaciones secundarias: A partir de cada rama principal, traza ramificaciones secundarias que representen subtemas o aspectos específicos de cada área.",¿Cuáles son las ramas principales representadas en el mapa mental?,"{'answer_start': [116], 'text': ['Experiencia de estudiantes universitarios']}"
5727dd9c4b864d1900163f746,ia,"Ya en la década de 1940, los matemáticos Norbert Wiener y John von Neumann, estaban trabajando en la teoría de los sistemas y la computación que sentaron las bases para la I.A. que posteriormente McCarthy definiría como ""la ciencia y la ingeniería de hacer máquinas inteligentes, especialmente programas de computadora inteligentes"".Otra influencia y fuente de inspiración para esta tecnología se encuentra en la ciencia ficción. Los robots y las máquinas inteligentes aparecieron por primera vez en la literatura y el cine en la década de 1920, y estos conceptos se han convertido en elementos básicos de la cultura popular.",¿Donde robots y las máquinas inteligentes aparecieron por primera vez?,"{'answer_start': [469], 'text': ['aparecieron por primera vez en la literatura y el cine en la década de 1920']}"
5727dd9c4b864d1900163f743,ia,"Ya en la década de 1940, los matemáticos Norbert Wiener y John von Neumann, estaban trabajando en la teoría de los sistemas y la computación que sentaron las bases para la I.A. que posteriormente McCarthy definiría como ""la ciencia y la ingeniería de hacer máquinas inteligentes, especialmente programas de computadora inteligentes"".",¿Qué figuras notables estaban involucradas en la evolución de la teoría de los sistemas durante la década de 1940?,"{'answer_start': [25], 'text': ['los matemáticos Norbert Wiener y John von Neumann']}"
5727dd9c4b864d1900163f471,etica2,"Define los conceptos de ética y moral, y explora cómo se aplican al ámbito profesional de TI.
Destaca la importancia de los valores, principios y normas éticas en el trabajo de los profesionales de TI.","¿Qué valores y principios específicos se consideran esenciales en el ejercicio profesional de los individuos en el campo de la tecnología de la información, tal como se destaca en el texto?","{'answer_start': [120], 'text': ['Los valores, principios y normas éticas']}"
5727dd9c4b864d1900163f1125,hvpin1,aquellas que tengan indicios de copia o plagio tendrán una calificación equivalente a 0 (cero).,¿Cuál es la medida disciplinaria para quienes copien contenido sin atribución en sus tareas?,"{'answer_start': [47], 'text': ['Tendrán una calificación equivalente a 0 (cero)']}"
5727dd9c4b864d1900163f1399,securityPractica2,El primer paso para realizar los ataques tendremos que levantar la herramienta beef en la terminal como se  observa en la figura1 dentro de la dirección que tenemos nuestra herramienta beef ejecutaremos el comando ruby beef para así obtener la ip con la que podremos realizar el ataque,¿Cuál es el comando con el que se obtiene la ip para realizar el ataque?,"{'answer_start': [214], 'text': ['ruby beef']}"
5727dd9c4b864d1900163f1109,hvpin1,"La tarea podrá ser realizará en computador en el formato IEEE, utilizando la plantilla facilitada en Latex en Overleaf.",¿En qué formato se debe realizar la tarea?,"{'answer_start': [43], 'text': ['En el formato IEEE, utilizando la plantilla facilitada en Latex en Overleaf']}"
5727dd9c4b864d1900163f718,etica 3,"Recuerda que el mapa mental es una herramienta visual para organizar ideas y conceptos. No hay una estructura fija, por lo que puedes adaptarla a tu propio estilo y preferencias.",¿Cuánta libertad tienen los estudiantes para ajustar el diseño de su mapa mental según sus preferencias individuales?,"{'answer_start': [127], 'text': ['puedes adaptarla a tu propio estilo y preferencias']}"
5727dd9c4b864d1900163f84,etica1,"Recuerda que el mapa mental es una herramienta visual para organizar ideas y conceptos. No hay una estructura fija, por lo que puedes adaptarla a tu propio estilo y preferencias.",¿Qué es el mapa mental?,"{'answer_start': [31], 'text': ['una  herramienta visual para organizar ideas y conceptos']}"
5727dd9c4b864d1900163f628,etica2,"Ramas principales: A partir del centro, traza ramas principales que representen las áreas clave relacionadas con la experiencia de los estudiantes universitarios. Algunas ideas para las ramas principales:",¿Cuáles son las ramificaciones principales que deben extenderse desde el núcleo del mapa mental para abordar áreas relevantes?,"{'answer_start': [46], 'text': ['ramas principales que representen áreas clave relacionadas']}"
5727dd9c4b864d1900163f861,TIC,Resultados: Deben estar escritos en pretérito o participio pasado. Usa recursos como: tablas y figuras.,¿Qué herramientas visuales se utilizan comúnmente para representar los resultados en un informe?,"{'answer_start': [12], 'text': ['Deben estar escritos en pretérito o participio pasado. Usa recursos como: tablas y figuras']}"
5727dd9c4b864d1900163f872,TIC,Discusión: Verifica las hipótesis de investigación. Evalúa las limitaciones o plantea proyecciones para el estudio.,¿Qué rol juegan las limitaciones del estudio en la sección de discusión de un trabajo académico?,"{'answer_start': [11], 'text': ['Verifica las hipótesis de investigación. Evalúa las limitaciones o plantea proyecciones para el estudio']}"
5727dd9c4b864d1900163f925,TIC,"La sección del resumen debe contener de forma muy breve la introducción, objetivos, metodología, resultados relevantes y conclusiones. Debe ser redactado en forma continua sin párrafos y su extensión es de una página como máximo, fluctuando entre 250 a 300 palabras.",¿Cuáles son los componentes fundamentales que deben ser abordados en la sección de resumen de un informe?,"{'answer_start': [35], 'text': ['De forma muy breve la introducción, objetivos, metodología, resultados relevantes y conclusiones']}"
5727dd9c4b864d1900163f627,etica2,"Ramas principales: A partir del centro, traza ramas principales que representen las áreas clave relacionadas con la experiencia de los estudiantes universitarios. Algunas ideas para las ramas principales:",¿Qué secciones principales se sugiere desarrollar a partir del tema central en el mapa mental?,"{'answer_start': [46], 'text': ['ramas principales que representen áreas clave relacionadas']}"
5727dd9c4b864d1900163f187,etica1,"Expansión y personalización: Si lo deseas, puedes expandir aún más el mapa mental agregando subramas o detalles adicionales a medida que exploras cada tema en más profundidad. Personaliza el mapa mental de acuerdo con tus propias experiencias y necesidades como estudiante universitario.",¿Qué áreas del mapa mental pueden ser adaptadas para reflejar las necesidades particulares del estudiante universitario?,"{'answer_start': [176], 'text': ['Personaliza el mapa mental de acuerdo con tus propias experiencias y necesidades como estudiante universitario']}"
5727dd9c4b864d1900163f1181,hvpin1,"No olvidar que, el tamaño del archivo en el EVA es máximo 2MB sugerido en bytes para evitar inconvenientes al momento de su entrega en EVA-UNL.",¿Qué restricción se aplica al tamaño de los archivos para la entrega en línea?,"{'answer_start': [58], 'text': ['2MB']}"
5727dd9c4b864d1900163f409,etica2,"En cuanto a las citas para guiar el desarrollo del ensayo, aquí tienes algunas sugerencias de referencias académicas y recursos relacionados con la ética y moral profesional, así como la ética del profesional de TI:
Floridi, L. (2010). Information: A very short introduction. Oxford University Press.","¿Qué obra escrita en 2010 se recomienda como fuente académica para guiar el proceso de redacción del ensayo, de acuerdo con la información proporcionada?","{'answer_start': [251], 'text': ['Floridi, L. (2010). Information: A very short introduction. Oxford University Press']}"
5727dd9c4b864d1900163f679,etica 3,"Expansión y personalización: Si lo deseas, puedes expandir aún más el mapa mental agregando subramas o detalles adicionales a medida que exploras cada tema en más profundidad. Personaliza el mapa mental de acuerdo con tus propias experiencias y necesidades como estudiante universitario.",¿Qué estrategias pueden emplearse para ampliar y adaptar el mapa mental según las preferencias individuales?,"{'answer_start': [82], 'text': ['agregando subramas o detalles adicionales']}"
5727dd9c4b864d1900163f559,etica2,Reflexiona sobre las posibles consecuencias negativas de la falta de ética y moral en el trabajo de los profesionales de TI.,¿Cuál es el tema de reflexión con respecto a los trabajadores del ámbito de TI?,"{'answer_start': [11], 'text': ['sobre las posibles consecuencias negativas de la falta de ética y moral en el trabajo de los profesionales de TI.']}"
5727dd9c4b864d1900163f24,etica1,"Ramas principales: A partir del centro, traza ramas principales que representen las áreas clave relacionadas con la experiencia de los estudiantes universitarios. Algunas ideas para las ramas principales:
Ramificaciones secundarias: A partir de cada rama principal, traza ramificaciones secundarias que representen subtemas o aspectos específicos de cada área.",¿Qué ramas del mapa mental detallan aspectos más concretos de cada área relacionada con la vida universitaria?,"{'answer_start': [205], 'text': ['Ramificaciones secundarias']}"
5727dd9c4b864d1900163f928,TIC,"La sección del resumen debe contener de forma muy breve la introducción, objetivos, metodología, resultados relevantes y conclusiones. Debe ser redactado en forma continua sin párrafos y su extensión es de una página como máximo, fluctuando entre 250 a 300 palabras.",¿Qué partes del informe deben ser sintetizadas en la sección de resumen?,"{'answer_start': [35], 'text': ['De forma muy breve la introducción, objetivos, metodología, resultados relevantes y conclusiones']}"
5727dd9c4b864d1900163f70,etica1,"Tema central: Coloca en el centro del mapa mental el tema ""Estudiantes universitarios"" y dibuja un círculo o una imagen representativa.",¿Qué concepto se enfatiza con el círculo central en el mapa mental?,"{'answer_start': [1], 'text': ['tema central']}"
5727dd9c4b864d1900163f877,TIC,Discusión: Verifica las hipótesis de investigación. Evalúa las limitaciones o plantea proyecciones para el estudio.,¿Qué recomendaciones se suelen incluir al plantear proyecciones para futuras investigaciones en la sección de discusión?,"{'answer_start': [11], 'text': ['Verifica las hipótesis de investigación. Evalúa las limitaciones o plantea proyecciones para el estudio']}"
5727dd9c4b864d1900163f641,etica2,"Ramificaciones secundarias: A partir de cada rama principal, traza ramificaciones secundarias que representen subtemas o aspectos específicos de cada área.",¿Cuál es el origen principal para desarrollar las ramificaciones secundarias en el mapa mental?,"{'answer_start': [28], 'text': ['A partir de cada rama principal']}"
5727dd9c4b864d1900163f61,etica1,"Recuerda que el mapa mental es una herramienta visual para organizar ideas y conceptos. No hay una estructura fija, por lo que puedes adaptarla a tu propio estilo y preferencias.",¿Qué pasos se deben seguir para personalizar el mapa mental de acuerdo con las preferencias del estudiante?,"{'answer_start': [127], 'text': ['puedes adaptarla a tu propio estilo y preferencias']}"
5727dd9c4b864d1900163f1075,hvpin1,Usar la plantilla IEEE que se proporcionó en overleaf.,¿Cuál es la plantilla oficial sugerida para la redacción del informe académico?,"{'answer_start': [5], 'text': ['La plantilla IEEE que se proporcionó en overleaf']}"
5727dd9c4b864d1900163f602,etica2,"A.A. Mapa Mental: Control de Lectura Cap. 02 Ethics and Technology
Tema central: Coloca en el centro del mapa mental el tema ""Estudiantes universitarios"" y dibuja un círculo o una imagen representativa.",¿Qué concepto debe ocupar el lugar central en el mapa mental?,"{'answer_start': [126], 'text': ['Estudiantes universitarios']}"
5727dd9c4b864d1900163f421,etica2,"En cuanto a las citas para guiar el desarrollo del ensayo, aquí tienes algunas sugerencias de referencias académicas y recursos relacionados con la ética y moral profesional, así como la ética del profesional de TI:
Floridi, L. (2010). Information: A very short introduction. Oxford University Press.
Johnson, D. G. (2018). Computer ethics. In The Stanford Encyclopedia of Philosophy (Fall 2018 Edition). Retrieved from https://plato.stanford.edu/entries/ethics-computer/","¿Cuál es la segunda referencia bibliográfica que se presenta como apoyo para el desarrollo del ensayo, según se detalla en el contexto proporcionado?","{'answer_start': [301], 'text': ['Johnson, D. G. (2018). Computer ethics']}"
5727dd9c4b864d1900163f836,TIC,"Marco teórico: Contiene los antecedentes, las bases teóricas y los estudios empíricos. Se desarrolla de lo general a lo particular.",¿Cuál es la estructura básica que debe seguir el marco teórico en un trabajo académico?,"{'answer_start': [15], 'text': ['Contiene los antecedentes, las bases teóricas y los estudios empíricos. Se desarrolla de lo general a lo particular']}"
5727dd9c4b864d1900163f1357,qualityLab3,Elegir una técnica de prueba y diseñar escenarios y casos de prueba a evaluar en base a los pasos indicados en cada técnica (Cada técnica debe ser investigada).,¿Cómo se los pasos indicados en cada técnica?,"{'answer_start': [125], 'text': ['Cada técnica debe ser investigada']}"
5727dd9c4b864d1900163f325,etica2,"Definición de ética y moral profesional:
Define los conceptos de ética y moral, y explora cómo se aplican al ámbito profesional de TI.
Destaca la importancia de los valores, principios y normas éticas en el trabajo de los profesionales de TI.",¿Qué aspectos deben ser abordados en la sección de definición de ética y moral profesional?,"{'answer_start': [52], 'text': ['conceptos de ética y moral, y explora cómo se aplican al ámbito profesional de TI']}"
5727dd9c4b864d1900163f699,etica 3,"Recuerda que el mapa mental es una herramienta visual para organizar ideas y conceptos. No hay una estructura fija, por lo que puedes adaptarla a tu propio estilo y preferencias.",¿Cuál es la estructura recomendada de un mapa mental según las instrucciones?,"{'answer_start': [88], 'text': ['No hay una estructura fija']}"
5727dd9c4b864d1900163f675,etica2,"Detalles y conexiones: En cada rama y ramificación, agrega detalles adicionales, palabras clave o ideas relacionadas. Puedes utilizar colores, íconos o líneas para resaltar conexiones y relaciones entre diferentes elementos del mapa mental.",¿Qué enfoques se pueden adoptar para hacer que las conexiones entre los elementos del mapa mental sean más evidentes?,"{'answer_start': [118], 'text': ['Puedes utilizar colores, íconos o líneas']}"
5727dd9c4b864d1900163f1378,qualityLab3,Resultados. Deben estar respaldados con la evidencia del informe. Deben permitir determinar el nivel de calidad respecto del ítem evaluado.,¿Qué deben permitir los resultados del laboratorio?,"{'answer_start': [81], 'text': ['determinar el nivel de calidad respecto del ítem evaluado']}"
5727dd9c4b864d1900163f1163,hvpin1,Debe entregarse un único archivo bien sea: .pdf o .doc.,¿En qué formatos se deben guardar los documentos antes de cargarlos para la entrega en línea?,"{'answer_start': [43], 'text': ['.pdf o .doc']}"
5727dd9c4b864d1900163f543,etica2,"Cuestionamientos éticos en el ámbito profesional de TI:
Identifica y analiza los principales cuestionamientos éticos que pueden surgir en el ejercicio de la profesión de TI.",¿Qué se espera que se discuta en la sección que aborda los cuestionamientos éticos?,"{'answer_start': [56], 'text': ['Identifica y analiza los principales cuestionamientos éticos']}"
5727dd9c4b864d1900163f554,etica2,"Destaca la importancia de los valores, principios y normas éticas en el trabajo de los profesionales de TI",¿Qué aspectos se enfocan como cruciales para mantener la integridad en el campo de la tecnología de la información?,"{'answer_start': [30], 'text': ['valores, principios y normas éticas en el trabajo de los profesionales de TI']}"
5727dd9c4b864d1900163f915,TIC,"Anexos: Deben ser numerados y poseer identificación respectiva. Debe estar referenciado en el cuerpo de la tesis con un número (si no, no tiene validez).",¿Cómo se identifican y organizan los anexos dentro de un trabajo de integración curricular o titulación?,"{'answer_start': [8], 'text': ['Deben ser numerados y poseer identificación respectiva. Debe estar referenciado en el cuerpo de la tesis con un número (si no, no tiene validez)']}"
